GeneralFeedbackID,OneStar,TwoStar,ThreeStar,FourStar,FiveStar,ReviewCount,LastUpdated
17849683,0,0,0,0,1,1,2024-05-15 22:34:25.140024
13866029,0,1,1,7,44,53,2024-05-15 22:34:25.140024
15639461,0,1,1,7,44,53,2024-05-15 22:34:25.140024
14351663,0,1,1,7,44,53,2024-05-15 22:34:25.140024
14031170,0,1,1,7,44,53,2024-05-15 22:34:25.140024
13771653,0,1,1,7,44,53,2024-05-15 22:34:25.140024
16717202,0,1,1,7,44,53,2024-05-15 22:34:25.140024
15335047,0,1,1,7,44,53,2024-05-15 22:34:25.140024
15237794,0,1,1,7,44,53,2024-05-15 22:34:25.140024
13905196,0,1,1,7,44,53,2024-05-15 22:34:25.140024
15723122,0,1,1,7,44,53,2024-05-15 22:34:25.140024
15321209,0,1,1,7,44,53,2024-05-15 22:34:25.140024
15326511,0,1,1,7,44,53,2024-05-15 22:34:25.140024
15508646,0,1,1,7,44,53,2024-05-15 22:34:25.140024
14514858,0,1,1,7,44,53,2024-05-15 22:34:25.140024
14911345,0,1,1,7,44,53,2024-05-15 22:34:25.140024
13673878,0,1,1,7,44,53,2024-05-15 22:34:25.140024
15229134,0,1,1,7,44,53,2024-05-15 22:34:25.140024
16647199,0,1,1,7,44,53,2024-05-15 22:34:25.140024
16476509,0,1,1,7,44,53,2024-05-15 22:34:25.140024
15689576,0,1,1,7,44,53,2024-05-15 22:34:25.140024
16226555,0,1,1,7,44,53,2024-05-15 22:34:25.140024
14111394,0,1,1,7,44,53,2024-05-15 22:34:25.140024
16072569,0,1,1,7,44,53,2024-05-15 22:34:25.140024
15996572,0,1,1,7,44,53,2024-05-15 22:34:25.140024
14345909,0,1,1,7,44,53,2024-05-15 22:34:25.140024
15880642,0,1,1,7,44,53,2024-05-15 22:34:25.140024
15802420,0,1,1,7,44,53,2024-05-15 22:34:25.140024
15798433,0,1,1,7,44,53,2024-05-15 22:34:25.140024
15742170,0,1,1,7,44,53,2024-05-15 22:34:25.140024
15725183,0,1,1,7,44,53,2024-05-15 22:34:25.140024
15579728,0,1,1,7,44,53,2024-05-15 22:34:25.140024
15584545,0,1,1,7,44,53,2024-05-15 22:34:25.140024
15360878,0,1,1,7,44,53,2024-05-15 22:34:25.140024
15139211,0,1,1,7,44,53,2024-05-15 22:34:25.140024
15121300,0,1,1,7,44,53,2024-05-15 22:34:25.140024
14833938,0,1,1,7,44,53,2024-05-15 22:34:25.140024
14780338,0,1,1,7,44,53,2024-05-15 22:34:25.140024
14649354,0,1,1,7,44,53,2024-05-15 22:34:25.140024
14313645,0,1,1,7,44,53,2024-05-15 22:34:25.140024
14114514,0,1,1,7,44,53,2024-05-15 22:34:25.140024
14100903,0,1,1,7,44,53,2024-05-15 22:34:25.140024
14054088,0,1,1,7,44,53,2024-05-15 22:34:25.140024
13997937,0,1,1,7,44,53,2024-05-15 22:34:25.140024
13689017,0,1,1,7,44,53,2024-05-15 22:34:25.140024
13628121,0,1,1,7,44,53,2024-05-15 22:34:25.140024
13363341,0,1,1,7,44,53,2024-05-15 22:34:25.140024
13361704,0,1,1,7,44,53,2024-05-15 22:34:25.140024
13285750,0,1,1,7,44,53,2024-05-15 22:34:25.140024
13084992,0,1,1,7,44,53,2024-05-15 22:34:25.140024
13206060,0,1,1,7,44,53,2024-05-15 22:34:25.140024
12642730,0,1,1,7,44,53,2024-05-15 22:34:25.140024
12889238,0,1,1,7,44,53,2024-05-15 22:34:25.140024
12619669,0,1,1,7,44,53,2024-05-15 22:34:25.140024
18175882,0,0,0,0,2,2,2024-05-15 22:34:25.140024
17794494,0,0,0,0,2,2,2024-05-15 22:34:25.140024
17629418,0,0,0,0,2,2,2024-05-15 22:34:25.140024
16883243,0,0,0,0,2,2,2024-05-15 22:34:25.140024
13306659,0,0,0,0,11,11,2024-05-15 22:34:25.140024
18362528,0,0,0,0,11,11,2024-05-15 22:34:25.140024
18337529,0,0,0,0,11,11,2024-05-15 22:34:25.140024
18305938,0,0,0,0,11,11,2024-05-15 22:34:25.140024
18184652,0,0,0,0,11,11,2024-05-15 22:34:25.140024
18179730,0,0,0,0,11,11,2024-05-15 22:34:25.140024
18176091,0,0,0,0,11,11,2024-05-15 22:34:25.140024
18091899,0,0,0,0,11,11,2024-05-15 22:34:25.140024
18090946,0,0,0,0,11,11,2024-05-15 22:34:25.140024
18079166,0,0,0,0,11,11,2024-05-15 22:34:25.140024
15807496,0,0,0,0,11,11,2024-05-15 22:34:25.140024
17162679,0,0,0,0,4,4,2024-05-15 22:34:25.140024
17102699,0,0,0,0,4,4,2024-05-15 22:34:25.140024
18303338,0,0,0,0,4,4,2024-05-15 22:34:25.140024
17777083,0,0,0,0,4,4,2024-05-15 22:34:25.140024
19085432,0,0,0,0,1,1,2024-05-15 22:34:25.140024
18427556,0,0,0,0,1,1,2024-05-15 22:34:25.140024
18199159,0,0,0,0,2,2,2024-05-15 22:34:25.140024
16290711,0,0,0,0,2,2,2024-05-15 22:34:25.140024
18663808,0,0,0,0,1,1,2024-05-15 22:34:25.140024
19065776,0,0,0,0,1,1,2024-05-15 22:34:25.140024
18371708,1,0,0,0,0,1,2024-05-15 22:34:25.140024
19237315,0,0,0,0,1,1,2024-05-15 22:34:25.140024
19666432,0,0,0,0,3,3,2024-05-15 22:34:25.140024
19823169,0,0,0,0,3,3,2024-05-15 22:34:25.140024
19612015,0,0,0,0,3,3,2024-05-15 22:34:25.140024
19529855,0,0,0,0,1,1,2024-05-15 22:34:25.140024
19030848,0,0,0,1,0,1,2024-05-15 22:34:25.140024
17811195,1,0,0,1,12,14,2024-05-15 22:34:25.140024
13654548,1,0,0,1,12,14,2024-05-15 22:34:25.140024
15167917,1,0,0,1,12,14,2024-05-15 22:34:25.140024
12673167,1,0,0,1,12,14,2024-05-15 22:34:25.140024
12865455,1,0,0,1,12,14,2024-05-15 22:34:25.140024
15563126,1,0,0,1,12,14,2024-05-15 22:34:25.140024
15539149,1,0,0,1,12,14,2024-05-15 22:34:25.140024
14365203,1,0,0,1,12,14,2024-05-15 22:34:25.140024
14436724,1,0,0,1,12,14,2024-05-15 22:34:25.140024
12997016,1,0,0,1,12,14,2024-05-15 22:34:25.140024
12901904,1,0,0,1,12,14,2024-05-15 22:34:25.140024
12869608,1,0,0,1,12,14,2024-05-15 22:34:25.140024
12847355,1,0,0,1,12,14,2024-05-15 22:34:25.140024
12833256,1,0,0,1,12,14,2024-05-15 22:34:25.140024
18944927,0,0,0,0,1,1,2024-05-15 22:34:25.140024
19233512,0,0,0,0,1,1,2024-05-15 22:34:25.140024
19054468,0,0,0,0,1,1,2024-05-15 22:34:25.140024
19844933,0,0,0,0,4,4,2024-05-15 22:34:25.140024
19786077,0,0,0,0,4,4,2024-05-15 22:34:25.140024
19192166,0,0,0,0,4,4,2024-05-15 22:34:25.140024
18912006,0,0,0,0,4,4,2024-05-15 22:34:25.140024
10672823,0,0,0,0,2,2,2024-05-15 22:34:25.140024
13342852,0,0,0,0,2,2,2024-05-15 22:34:25.140024
15472692,0,0,0,1,2,3,2024-05-15 22:34:25.140024
14640931,0,0,0,1,2,3,2024-05-15 22:34:25.140024
3138737,0,0,0,1,2,3,2024-05-15 22:34:25.140024
5720212,0,0,1,0,0,1,2024-05-15 22:34:25.140024
19853697,0,0,0,0,1,1,2024-05-15 22:34:25.140024
12600789,0,0,0,1,3,4,2024-05-15 22:34:25.140024
12374255,0,0,0,1,3,4,2024-05-15 22:34:25.140024
14441263,0,0,0,1,3,4,2024-05-15 22:34:25.140024
13955827,0,0,0,1,3,4,2024-05-15 22:34:25.140024
19495486,0,0,0,0,2,2,2024-05-15 22:34:25.140024
19123138,0,0,0,0,2,2,2024-05-15 22:34:25.140024
19237317,0,0,0,0,1,1,2024-05-15 22:34:25.140024
19688652,0,0,0,1,0,1,2024-05-15 22:34:25.140024
19021409,0,0,0,0,1,1,2024-05-15 22:34:25.140024
19037770,0,0,0,0,1,1,2024-05-15 22:34:25.140024
18745518,1,0,0,0,0,1,2024-05-15 22:34:25.140024
18847881,0,0,0,0,2,2,2024-05-15 22:34:25.140024
19021408,0,0,0,0,2,2,2024-05-15 22:34:25.140024
19617557,16,4,8,30,202,260,2024-05-15 22:34:25.140024
19874308,16,4,8,30,202,260,2024-05-15 22:34:25.140024
18230978,16,4,8,30,202,260,2024-05-15 22:34:25.140024
15725112,16,4,8,30,202,260,2024-05-15 22:34:25.140024
15009554,16,4,8,30,202,260,2024-05-15 22:34:25.140024
15635386,16,4,8,30,202,260,2024-05-15 22:34:25.140024
16549784,16,4,8,30,202,260,2024-05-15 22:34:25.140024
17416018,16,4,8,30,202,260,2024-05-15 22:34:25.140024
13315813,16,4,8,30,202,260,2024-05-15 22:34:25.140024
12794284,16,4,8,30,202,260,2024-05-15 22:34:25.140024
19229975,16,4,8,30,202,260,2024-05-15 22:34:25.140024
18330059,16,4,8,30,202,260,2024-05-15 22:34:25.140024
18193875,16,4,8,30,202,260,2024-05-15 22:34:25.140024
16192447,16,4,8,30,202,260,2024-05-15 22:34:25.140024
11733111,16,4,8,30,202,260,2024-05-15 22:34:25.140024
19225847,16,4,8,30,202,260,2024-05-15 22:34:25.140024
16181661,16,4,8,30,202,260,2024-05-15 22:34:25.140024
18069390,16,4,8,30,202,260,2024-05-15 22:34:25.140024
17928726,16,4,8,30,202,260,2024-05-15 22:34:25.140024
15426176,16,4,8,30,202,260,2024-05-15 22:34:25.140024
18904686,16,4,8,30,202,260,2024-05-15 22:34:25.140024
16236291,16,4,8,30,202,260,2024-05-15 22:34:25.140024
4402557,16,4,8,30,202,260,2024-05-15 22:34:25.140024
15158601,16,4,8,30,202,260,2024-05-15 22:34:25.140024
16375116,16,4,8,30,202,260,2024-05-15 22:34:25.140024
13365585,16,4,8,30,202,260,2024-05-15 22:34:25.140024
19844936,16,4,8,30,202,260,2024-05-15 22:34:25.140024
19608914,16,4,8,30,202,260,2024-05-15 22:34:25.140024
19817869,16,4,8,30,202,260,2024-05-15 22:34:25.140024
17975328,16,4,8,30,202,260,2024-05-15 22:34:25.140024
11315791,16,4,8,30,202,260,2024-05-15 22:34:25.140024
19781713,16,4,8,30,202,260,2024-05-15 22:34:25.140024
19772809,16,4,8,30,202,260,2024-05-15 22:34:25.140024
19756230,16,4,8,30,202,260,2024-05-15 22:34:25.140024
19704503,16,4,8,30,202,260,2024-05-15 22:34:25.140024
19682524,16,4,8,30,202,260,2024-05-15 22:34:25.140024
16979173,16,4,8,30,202,260,2024-05-15 22:34:25.140024
19642282,16,4,8,30,202,260,2024-05-15 22:34:25.140024
3516014,16,4,8,30,202,260,2024-05-15 22:34:25.140024
15222394,16,4,8,30,202,260,2024-05-15 22:34:25.140024
16277416,16,4,8,30,202,260,2024-05-15 22:34:25.140024
19592158,16,4,8,30,202,260,2024-05-15 22:34:25.140024
15780567,16,4,8,30,202,260,2024-05-15 22:34:25.140024
9196216,16,4,8,30,202,260,2024-05-15 22:34:25.140024
17632776,16,4,8,30,202,260,2024-05-15 22:34:25.140024
18033467,16,4,8,30,202,260,2024-05-15 22:34:25.140024
16246024,16,4,8,30,202,260,2024-05-15 22:34:25.140024
18722511,16,4,8,30,202,260,2024-05-15 22:34:25.140024
19170603,16,4,8,30,202,260,2024-05-15 22:34:25.140024
19498950,16,4,8,30,202,260,2024-05-15 22:34:25.140024
14625478,16,4,8,30,202,260,2024-05-15 22:34:25.140024
19052908,16,4,8,30,202,260,2024-05-15 22:34:25.140024
18076075,16,4,8,30,202,260,2024-05-15 22:34:25.140024
19357886,16,4,8,30,202,260,2024-05-15 22:34:25.140024
14035320,16,4,8,30,202,260,2024-05-15 22:34:25.140024
14142388,16,4,8,30,202,260,2024-05-15 22:34:25.140024
19301339,16,4,8,30,202,260,2024-05-15 22:34:25.140024
19383665,16,4,8,30,202,260,2024-05-15 22:34:25.140024
19376965,16,4,8,30,202,260,2024-05-15 22:34:25.140024
19372567,16,4,8,30,202,260,2024-05-15 22:34:25.140024
19349238,16,4,8,30,202,260,2024-05-15 22:34:25.140024
19348959,16,4,8,30,202,260,2024-05-15 22:34:25.140024
19345662,16,4,8,30,202,260,2024-05-15 22:34:25.140024
19343398,16,4,8,30,202,260,2024-05-15 22:34:25.140024
16241711,16,4,8,30,202,260,2024-05-15 22:34:25.140024
19306528,16,4,8,30,202,260,2024-05-15 22:34:25.140024
16563008,16,4,8,30,202,260,2024-05-15 22:34:25.140024
19272779,16,4,8,30,202,260,2024-05-15 22:34:25.140024
14881009,16,4,8,30,202,260,2024-05-15 22:34:25.140024
17750547,16,4,8,30,202,260,2024-05-15 22:34:25.140024
19238045,16,4,8,30,202,260,2024-05-15 22:34:25.140024
19035187,16,4,8,30,202,260,2024-05-15 22:34:25.140024
19191352,16,4,8,30,202,260,2024-05-15 22:34:25.140024
19165982,16,4,8,30,202,260,2024-05-15 22:34:25.140024
19156322,16,4,8,30,202,260,2024-05-15 22:34:25.140024
17759358,16,4,8,30,202,260,2024-05-15 22:34:25.140024
16127652,16,4,8,30,202,260,2024-05-15 22:34:25.140024
19026386,16,4,8,30,202,260,2024-05-15 22:34:25.140024
13562911,16,4,8,30,202,260,2024-05-15 22:34:25.140024
17973771,16,4,8,30,202,260,2024-05-15 22:34:25.140024
18939240,16,4,8,30,202,260,2024-05-15 22:34:25.140024
13265594,16,4,8,30,202,260,2024-05-15 22:34:25.140024
18891455,16,4,8,30,202,260,2024-05-15 22:34:25.140024
8503679,16,4,8,30,202,260,2024-05-15 22:34:25.140024
18143690,16,4,8,30,202,260,2024-05-15 22:34:25.140024
15526911,16,4,8,30,202,260,2024-05-15 22:34:25.140024
18849652,16,4,8,30,202,260,2024-05-15 22:34:25.140024
17307675,16,4,8,30,202,260,2024-05-15 22:34:25.140024
18762648,16,4,8,30,202,260,2024-05-15 22:34:25.140024
10618545,16,4,8,30,202,260,2024-05-15 22:34:25.140024
15419152,16,4,8,30,202,260,2024-05-15 22:34:25.140024
16732080,16,4,8,30,202,260,2024-05-15 22:34:25.140024
18637867,16,4,8,30,202,260,2024-05-15 22:34:25.140024
18576821,16,4,8,30,202,260,2024-05-15 22:34:25.140024
17183856,16,4,8,30,202,260,2024-05-15 22:34:25.140024
4678789,16,4,8,30,202,260,2024-05-15 22:34:25.140024
18395883,16,4,8,30,202,260,2024-05-15 22:34:25.140024
11826925,16,4,8,30,202,260,2024-05-15 22:34:25.140024
16045939,16,4,8,30,202,260,2024-05-15 22:34:25.140024
18159910,16,4,8,30,202,260,2024-05-15 22:34:25.140024
18065354,16,4,8,30,202,260,2024-05-15 22:34:25.140024
15900459,16,4,8,30,202,260,2024-05-15 22:34:25.140024
14993370,16,4,8,30,202,260,2024-05-15 22:34:25.140024
17993937,16,4,8,30,202,260,2024-05-15 22:34:25.140024
17983329,16,4,8,30,202,260,2024-05-15 22:34:25.140024
14610714,16,4,8,30,202,260,2024-05-15 22:34:25.140024
17883585,16,4,8,30,202,260,2024-05-15 22:34:25.140024
17874093,16,4,8,30,202,260,2024-05-15 22:34:25.140024
17825465,16,4,8,30,202,260,2024-05-15 22:34:25.140024
17760355,16,4,8,30,202,260,2024-05-15 22:34:25.140024
11517513,16,4,8,30,202,260,2024-05-15 22:34:25.140024
15076747,16,4,8,30,202,260,2024-05-15 22:34:25.140024
17493765,16,4,8,30,202,260,2024-05-15 22:34:25.140024
17423546,16,4,8,30,202,260,2024-05-15 22:34:25.140024
11356078,16,4,8,30,202,260,2024-05-15 22:34:25.140024
17177687,16,4,8,30,202,260,2024-05-15 22:34:25.140024
17351624,16,4,8,30,202,260,2024-05-15 22:34:25.140024
11855189,16,4,8,30,202,260,2024-05-15 22:34:25.140024
11802990,16,4,8,30,202,260,2024-05-15 22:34:25.140024
15250623,16,4,8,30,202,260,2024-05-15 22:34:25.140024
17047514,16,4,8,30,202,260,2024-05-15 22:34:25.140024
17235387,16,4,8,30,202,260,2024-05-15 22:34:25.140024
17133521,16,4,8,30,202,260,2024-05-15 22:34:25.140024
8926263,16,4,8,30,202,260,2024-05-15 22:34:25.140024
15293552,16,4,8,30,202,260,2024-05-15 22:34:25.140024
10659070,16,4,8,30,202,260,2024-05-15 22:34:25.140024
16803535,16,4,8,30,202,260,2024-05-15 22:34:25.140024
14407557,16,4,8,30,202,260,2024-05-15 22:34:25.140024
16847791,16,4,8,30,202,260,2024-05-15 22:34:25.140024
16171618,16,4,8,30,202,260,2024-05-15 22:34:25.140024
16773043,16,4,8,30,202,260,2024-05-15 22:34:25.140024
16753480,16,4,8,30,202,260,2024-05-15 22:34:25.140024
15971715,16,4,8,30,202,260,2024-05-15 22:34:25.140024
16147097,16,4,8,30,202,260,2024-05-15 22:34:25.140024
15754899,16,4,8,30,202,260,2024-05-15 22:34:25.140024
12116879,16,4,8,30,202,260,2024-05-15 22:34:25.140024
14804478,16,4,8,30,202,260,2024-05-15 22:34:25.140024
9772424,16,4,8,30,202,260,2024-05-15 22:34:25.140024
16454596,16,4,8,30,202,260,2024-05-15 22:34:25.140024
12563582,16,4,8,30,202,260,2024-05-15 22:34:25.140024
14237575,16,4,8,30,202,260,2024-05-15 22:34:25.140024
16378249,16,4,8,30,202,260,2024-05-15 22:34:25.140024
13305090,16,4,8,30,202,260,2024-05-15 22:34:25.140024
11103445,16,4,8,30,202,260,2024-05-15 22:34:25.140024
15807655,16,4,8,30,202,260,2024-05-15 22:34:25.140024
9887494,16,4,8,30,202,260,2024-05-15 22:34:25.140024
9949836,16,4,8,30,202,260,2024-05-15 22:34:25.140024
15927438,16,4,8,30,202,260,2024-05-15 22:34:25.140024
16115524,16,4,8,30,202,260,2024-05-15 22:34:25.140024
16113974,16,4,8,30,202,260,2024-05-15 22:34:25.140024
16025541,16,4,8,30,202,260,2024-05-15 22:34:25.140024
15322306,16,4,8,30,202,260,2024-05-15 22:34:25.140024
9884685,16,4,8,30,202,260,2024-05-15 22:34:25.140024
15567930,16,4,8,30,202,260,2024-05-15 22:34:25.140024
15556097,16,4,8,30,202,260,2024-05-15 22:34:25.140024
15353758,16,4,8,30,202,260,2024-05-15 22:34:25.140024
3443061,16,4,8,30,202,260,2024-05-15 22:34:25.140024
10663472,16,4,8,30,202,260,2024-05-15 22:34:25.140024
15306613,16,4,8,30,202,260,2024-05-15 22:34:25.140024
14552996,16,4,8,30,202,260,2024-05-15 22:34:25.140024
15172076,16,4,8,30,202,260,2024-05-15 22:34:25.140024
14790666,16,4,8,30,202,260,2024-05-15 22:34:25.140024
12225511,16,4,8,30,202,260,2024-05-15 22:34:25.140024
15060137,16,4,8,30,202,260,2024-05-15 22:34:25.140024
14978168,16,4,8,30,202,260,2024-05-15 22:34:25.140024
13736606,16,4,8,30,202,260,2024-05-15 22:34:25.140024
14640712,16,4,8,30,202,260,2024-05-15 22:34:25.140024
14525808,16,4,8,30,202,260,2024-05-15 22:34:25.140024
14517679,16,4,8,30,202,260,2024-05-15 22:34:25.140024
14334623,16,4,8,30,202,260,2024-05-15 22:34:25.140024
14451883,16,4,8,30,202,260,2024-05-15 22:34:25.140024
14432856,16,4,8,30,202,260,2024-05-15 22:34:25.140024
14388500,16,4,8,30,202,260,2024-05-15 22:34:25.140024
14371144,16,4,8,30,202,260,2024-05-15 22:34:25.140024
13273069,16,4,8,30,202,260,2024-05-15 22:34:25.140024
14302814,16,4,8,30,202,260,2024-05-15 22:34:25.140024
14113387,16,4,8,30,202,260,2024-05-15 22:34:25.140024
13561378,16,4,8,30,202,260,2024-05-15 22:34:25.140024
14120149,16,4,8,30,202,260,2024-05-15 22:34:25.140024
13666296,16,4,8,30,202,260,2024-05-15 22:34:25.140024
13974847,16,4,8,30,202,260,2024-05-15 22:34:25.140024
13945296,16,4,8,30,202,260,2024-05-15 22:34:25.140024
12855031,16,4,8,30,202,260,2024-05-15 22:34:25.140024
13876735,16,4,8,30,202,260,2024-05-15 22:34:25.140024
13863576,16,4,8,30,202,260,2024-05-15 22:34:25.140024
13734716,16,4,8,30,202,260,2024-05-15 22:34:25.140024
13717834,16,4,8,30,202,260,2024-05-15 22:34:25.140024
9898729,16,4,8,30,202,260,2024-05-15 22:34:25.140024
13476767,16,4,8,30,202,260,2024-05-15 22:34:25.140024
13462850,16,4,8,30,202,260,2024-05-15 22:34:25.140024
13291864,16,4,8,30,202,260,2024-05-15 22:34:25.140024
11069005,16,4,8,30,202,260,2024-05-15 22:34:25.140024
12868895,16,4,8,30,202,260,2024-05-15 22:34:25.140024
10657576,16,4,8,30,202,260,2024-05-15 22:34:25.140024
12866473,16,4,8,30,202,260,2024-05-15 22:34:25.140024
12855388,16,4,8,30,202,260,2024-05-15 22:34:25.140024
12841534,16,4,8,30,202,260,2024-05-15 22:34:25.140024
12451440,16,4,8,30,202,260,2024-05-15 22:34:25.140024
12759264,16,4,8,30,202,260,2024-05-15 22:34:25.140024
11174024,16,4,8,30,202,260,2024-05-15 22:34:25.140024
12714237,16,4,8,30,202,260,2024-05-15 22:34:25.140024
12697063,16,4,8,30,202,260,2024-05-15 22:34:25.140024
10149263,16,4,8,30,202,260,2024-05-15 22:34:25.140024
10434476,16,4,8,30,202,260,2024-05-15 22:34:25.140024
12302845,16,4,8,30,202,260,2024-05-15 22:34:25.140024
12272347,16,4,8,30,202,260,2024-05-15 22:34:25.140024
12071297,16,4,8,30,202,260,2024-05-15 22:34:25.140024
10492827,16,4,8,30,202,260,2024-05-15 22:34:25.140024
11814111,16,4,8,30,202,260,2024-05-15 22:34:25.140024
11814633,16,4,8,30,202,260,2024-05-15 22:34:25.140024
11808658,16,4,8,30,202,260,2024-05-15 22:34:25.140024
9000164,16,4,8,30,202,260,2024-05-15 22:34:25.140024
9577633,16,4,8,30,202,260,2024-05-15 22:34:25.140024
11577629,16,4,8,30,202,260,2024-05-15 22:34:25.140024
11568269,16,4,8,30,202,260,2024-05-15 22:34:25.140024
11557641,16,4,8,30,202,260,2024-05-15 22:34:25.140024
11543273,16,4,8,30,202,260,2024-05-15 22:34:25.140024
11532774,16,4,8,30,202,260,2024-05-15 22:34:25.140024
11340804,16,4,8,30,202,260,2024-05-15 22:34:25.140024
11161360,16,4,8,30,202,260,2024-05-15 22:34:25.140024
11133969,16,4,8,30,202,260,2024-05-15 22:34:25.140024
11117833,16,4,8,30,202,260,2024-05-15 22:34:25.140024
10641274,16,4,8,30,202,260,2024-05-15 22:34:25.140024
10632510,16,4,8,30,202,260,2024-05-15 22:34:25.140024
11100818,16,4,8,30,202,260,2024-05-15 22:34:25.140024
11099117,16,4,8,30,202,260,2024-05-15 22:34:25.140024
11090958,16,4,8,30,202,260,2024-05-15 22:34:25.140024
11070944,16,4,8,30,202,260,2024-05-15 22:34:25.140024
11039999,16,4,8,30,202,260,2024-05-15 22:34:25.140024
10997927,16,4,8,30,202,260,2024-05-15 22:34:25.140024
10621079,16,4,8,30,202,260,2024-05-15 22:34:25.140024
10583812,16,4,8,30,202,260,2024-05-15 22:34:25.140024
3704047,16,4,8,30,202,260,2024-05-15 22:34:25.140024
10517188,16,4,8,30,202,260,2024-05-15 22:34:25.140024
10492005,16,4,8,30,202,260,2024-05-15 22:34:25.140024
10446148,16,4,8,30,202,260,2024-05-15 22:34:25.140024
4203621,16,4,8,30,202,260,2024-05-15 22:34:25.140024
10271851,16,4,8,30,202,260,2024-05-15 22:34:25.140024
10255149,16,4,8,30,202,260,2024-05-15 22:34:25.140024
10170389,16,4,8,30,202,260,2024-05-15 22:34:25.140024
10001180,16,4,8,30,202,260,2024-05-15 22:34:25.140024
9996378,16,4,8,30,202,260,2024-05-15 22:34:25.140024
9912691,16,4,8,30,202,260,2024-05-15 22:34:25.140024
9567975,16,4,8,30,202,260,2024-05-15 22:34:25.140024
9239292,16,4,8,30,202,260,2024-05-15 22:34:25.140024
9449519,16,4,8,30,202,260,2024-05-15 22:34:25.140024
9211738,16,4,8,30,202,260,2024-05-15 22:34:25.140024
9000906,16,4,8,30,202,260,2024-05-15 22:34:25.140024
9000066,16,4,8,30,202,260,2024-05-15 22:34:25.140024
4848789,16,4,8,30,202,260,2024-05-15 22:34:25.140024
8639631,16,4,8,30,202,260,2024-05-15 22:34:25.140024
8604163,16,4,8,30,202,260,2024-05-15 22:34:25.140024
8584095,16,4,8,30,202,260,2024-05-15 22:34:25.140024
8570944,16,4,8,30,202,260,2024-05-15 22:34:25.140024
7650294,16,4,8,30,202,260,2024-05-15 22:34:25.140024
4024407,16,4,8,30,202,260,2024-05-15 22:34:25.140024
7078300,16,4,8,30,202,260,2024-05-15 22:34:25.140024
3504450,16,4,8,30,202,260,2024-05-15 22:34:25.140024
4612846,16,4,8,30,202,260,2024-05-15 22:34:25.140024
5227426,16,4,8,30,202,260,2024-05-15 22:34:25.140024
17718127,16,4,8,30,202,260,2024-05-15 22:34:25.140024
9616719,11,4,5,21,161,202,2024-05-15 22:34:25.140024
19059799,11,4,5,21,161,202,2024-05-15 22:34:25.140024
18263022,11,4,5,21,161,202,2024-05-15 22:34:25.140024
17958452,11,4,5,21,161,202,2024-05-15 22:34:25.140024
17889991,11,4,5,21,161,202,2024-05-15 22:34:25.140024
19796606,11,4,5,21,161,202,2024-05-15 22:34:25.140024
15776886,11,4,5,21,161,202,2024-05-15 22:34:25.140024
16101632,11,4,5,21,161,202,2024-05-15 22:34:25.140024
16784897,11,4,5,21,161,202,2024-05-15 22:34:25.140024
16945223,11,4,5,21,161,202,2024-05-15 22:34:25.140024
10540550,11,4,5,21,161,202,2024-05-15 22:34:25.140024
15384549,11,4,5,21,161,202,2024-05-15 22:34:25.140024
18967770,11,4,5,21,161,202,2024-05-15 22:34:25.140024
19853360,11,4,5,21,161,202,2024-05-15 22:34:25.140024
8095241,11,4,5,21,161,202,2024-05-15 22:34:25.140024
5459512,11,4,5,21,161,202,2024-05-15 22:34:25.140024
17197628,11,4,5,21,161,202,2024-05-15 22:34:25.140024
19386215,11,4,5,21,161,202,2024-05-15 22:34:25.140024
19211756,11,4,5,21,161,202,2024-05-15 22:34:25.140024
19812768,11,4,5,21,161,202,2024-05-15 22:34:25.140024
19768780,11,4,5,21,161,202,2024-05-15 22:34:25.140024
19766725,11,4,5,21,161,202,2024-05-15 22:34:25.140024
9041461,11,4,5,21,161,202,2024-05-15 22:34:25.140024
18869927,11,4,5,21,161,202,2024-05-15 22:34:25.140024
5834891,11,4,5,21,161,202,2024-05-15 22:34:25.140024
17871629,11,4,5,21,161,202,2024-05-15 22:34:25.140024
19605992,11,4,5,21,161,202,2024-05-15 22:34:25.140024
19536688,11,4,5,21,161,202,2024-05-15 22:34:25.140024
8829611,11,4,5,21,161,202,2024-05-15 22:34:25.140024
13803472,11,4,5,21,161,202,2024-05-15 22:34:25.140024
19514031,11,4,5,21,161,202,2024-05-15 22:34:25.140024
9178463,11,4,5,21,161,202,2024-05-15 22:34:25.140024
16471870,11,4,5,21,161,202,2024-05-15 22:34:25.140024
13755762,11,4,5,21,161,202,2024-05-15 22:34:25.140024
19329592,11,4,5,21,161,202,2024-05-15 22:34:25.140024
19238509,11,4,5,21,161,202,2024-05-15 22:34:25.140024
19204439,11,4,5,21,161,202,2024-05-15 22:34:25.140024
7533233,11,4,5,21,161,202,2024-05-15 22:34:25.140024
19176656,11,4,5,21,161,202,2024-05-15 22:34:25.140024
19143191,11,4,5,21,161,202,2024-05-15 22:34:25.140024
19126418,11,4,5,21,161,202,2024-05-15 22:34:25.140024
19087360,11,4,5,21,161,202,2024-05-15 22:34:25.140024
8624544,11,4,5,21,161,202,2024-05-15 22:34:25.140024
19063129,11,4,5,21,161,202,2024-05-15 22:34:25.140024
19033267,11,4,5,21,161,202,2024-05-15 22:34:25.140024
19007699,11,4,5,21,161,202,2024-05-15 22:34:25.140024
18971339,11,4,5,21,161,202,2024-05-15 22:34:25.140024
18961915,11,4,5,21,161,202,2024-05-15 22:34:25.140024
17220910,11,4,5,21,161,202,2024-05-15 22:34:25.140024
18955556,11,4,5,21,161,202,2024-05-15 22:34:25.140024
18632732,11,4,5,21,161,202,2024-05-15 22:34:25.140024
18884349,11,4,5,21,161,202,2024-05-15 22:34:25.140024
14833382,11,4,5,21,161,202,2024-05-15 22:34:25.140024
18859316,11,4,5,21,161,202,2024-05-15 22:34:25.140024
18009971,11,4,5,21,161,202,2024-05-15 22:34:25.140024
8219293,11,4,5,21,161,202,2024-05-15 22:34:25.140024
18161924,11,4,5,21,161,202,2024-05-15 22:34:25.140024
18698580,11,4,5,21,161,202,2024-05-15 22:34:25.140024
18620702,11,4,5,21,161,202,2024-05-15 22:34:25.140024
17341101,11,4,5,21,161,202,2024-05-15 22:34:25.140024
18439433,11,4,5,21,161,202,2024-05-15 22:34:25.140024
18385705,11,4,5,21,161,202,2024-05-15 22:34:25.140024
15987177,11,4,5,21,161,202,2024-05-15 22:34:25.140024
18316919,11,4,5,21,161,202,2024-05-15 22:34:25.140024
18300221,11,4,5,21,161,202,2024-05-15 22:34:25.140024
16569495,11,4,5,21,161,202,2024-05-15 22:34:25.140024
18256238,11,4,5,21,161,202,2024-05-15 22:34:25.140024
18173531,11,4,5,21,161,202,2024-05-15 22:34:25.140024
15776765,11,4,5,21,161,202,2024-05-15 22:34:25.140024
18088157,11,4,5,21,161,202,2024-05-15 22:34:25.140024
18064982,11,4,5,21,161,202,2024-05-15 22:34:25.140024
7972847,11,4,5,21,161,202,2024-05-15 22:34:25.140024
13544602,11,4,5,21,161,202,2024-05-15 22:34:25.140024
16236433,11,4,5,21,161,202,2024-05-15 22:34:25.140024
5890107,11,4,5,21,161,202,2024-05-15 22:34:25.140024
14866650,11,4,5,21,161,202,2024-05-15 22:34:25.140024
17903073,11,4,5,21,161,202,2024-05-15 22:34:25.140024
13368683,11,4,5,21,161,202,2024-05-15 22:34:25.140024
16122414,11,4,5,21,161,202,2024-05-15 22:34:25.140024
15681412,11,4,5,21,161,202,2024-05-15 22:34:25.140024
17748128,11,4,5,21,161,202,2024-05-15 22:34:25.140024
17630136,11,4,5,21,161,202,2024-05-15 22:34:25.140024
17538869,11,4,5,21,161,202,2024-05-15 22:34:25.140024
17249261,11,4,5,21,161,202,2024-05-15 22:34:25.140024
17514484,11,4,5,21,161,202,2024-05-15 22:34:25.140024
16652145,11,4,5,21,161,202,2024-05-15 22:34:25.140024
16578660,11,4,5,21,161,202,2024-05-15 22:34:25.140024
17092087,11,4,5,21,161,202,2024-05-15 22:34:25.140024
16360343,11,4,5,21,161,202,2024-05-15 22:34:25.140024
17053242,11,4,5,21,161,202,2024-05-15 22:34:25.140024
13664955,11,4,5,21,161,202,2024-05-15 22:34:25.140024
16781122,11,4,5,21,161,202,2024-05-15 22:34:25.140024
16750160,11,4,5,21,161,202,2024-05-15 22:34:25.140024
14982557,11,4,5,21,161,202,2024-05-15 22:34:25.140024
8385096,11,4,5,21,161,202,2024-05-15 22:34:25.140024
15064719,11,4,5,21,161,202,2024-05-15 22:34:25.140024
16492305,11,4,5,21,161,202,2024-05-15 22:34:25.140024
16436492,11,4,5,21,161,202,2024-05-15 22:34:25.140024
16430702,11,4,5,21,161,202,2024-05-15 22:34:25.140024
15572166,11,4,5,21,161,202,2024-05-15 22:34:25.140024
16322928,11,4,5,21,161,202,2024-05-15 22:34:25.140024
16055128,11,4,5,21,161,202,2024-05-15 22:34:25.140024
16259982,11,4,5,21,161,202,2024-05-15 22:34:25.140024
13209344,11,4,5,21,161,202,2024-05-15 22:34:25.140024
15777718,11,4,5,21,161,202,2024-05-15 22:34:25.140024
15028115,11,4,5,21,161,202,2024-05-15 22:34:25.140024
15662825,11,4,5,21,161,202,2024-05-15 22:34:25.140024
16100132,11,4,5,21,161,202,2024-05-15 22:34:25.140024
6526386,11,4,5,21,161,202,2024-05-15 22:34:25.140024
15921084,11,4,5,21,161,202,2024-05-15 22:34:25.140024
15879970,11,4,5,21,161,202,2024-05-15 22:34:25.140024
15689958,11,4,5,21,161,202,2024-05-15 22:34:25.140024
15792248,11,4,5,21,161,202,2024-05-15 22:34:25.140024
15705508,11,4,5,21,161,202,2024-05-15 22:34:25.140024
13917785,11,4,5,21,161,202,2024-05-15 22:34:25.140024
15527041,11,4,5,21,161,202,2024-05-15 22:34:25.140024
15205538,11,4,5,21,161,202,2024-05-15 22:34:25.140024
15464392,11,4,5,21,161,202,2024-05-15 22:34:25.140024
15323055,11,4,5,21,161,202,2024-05-15 22:34:25.140024
15310404,11,4,5,21,161,202,2024-05-15 22:34:25.140024
15190132,11,4,5,21,161,202,2024-05-15 22:34:25.140024
15142814,11,4,5,21,161,202,2024-05-15 22:34:25.140024
14887596,11,4,5,21,161,202,2024-05-15 22:34:25.140024
15089187,11,4,5,21,161,202,2024-05-15 22:34:25.140024
14990004,11,4,5,21,161,202,2024-05-15 22:34:25.140024
13410733,11,4,5,21,161,202,2024-05-15 22:34:25.140024
14368708,11,4,5,21,161,202,2024-05-15 22:34:25.140024
5395249,11,4,5,21,161,202,2024-05-15 22:34:25.140024
14154933,11,4,5,21,161,202,2024-05-15 22:34:25.140024
5652120,11,4,5,21,161,202,2024-05-15 22:34:25.140024
13427325,11,4,5,21,161,202,2024-05-15 22:34:25.140024
13308530,11,4,5,21,161,202,2024-05-15 22:34:25.140024
8609987,11,4,5,21,161,202,2024-05-15 22:34:25.140024
7385723,11,4,5,21,161,202,2024-05-15 22:34:25.140024
9577354,11,4,5,21,161,202,2024-05-15 22:34:25.140024
6280839,11,4,5,21,161,202,2024-05-15 22:34:25.140024
5470688,11,4,5,21,161,202,2024-05-15 22:34:25.140024
6245808,11,4,5,21,161,202,2024-05-15 22:34:25.140024
7880469,11,4,5,21,161,202,2024-05-15 22:34:25.140024
9634453,11,4,5,21,161,202,2024-05-15 22:34:25.140024
9377721,11,4,5,21,161,202,2024-05-15 22:34:25.140024
10544851,11,4,5,21,161,202,2024-05-15 22:34:25.140024
10301666,11,4,5,21,161,202,2024-05-15 22:34:25.140024
6398667,11,4,5,21,161,202,2024-05-15 22:34:25.140024
10133305,11,4,5,21,161,202,2024-05-15 22:34:25.140024
10050700,11,4,5,21,161,202,2024-05-15 22:34:25.140024
9817537,11,4,5,21,161,202,2024-05-15 22:34:25.140024
5628016,11,4,5,21,161,202,2024-05-15 22:34:25.140024
9632311,11,4,5,21,161,202,2024-05-15 22:34:25.140024
9623235,11,4,5,21,161,202,2024-05-15 22:34:25.140024
9622158,11,4,5,21,161,202,2024-05-15 22:34:25.140024
9614976,11,4,5,21,161,202,2024-05-15 22:34:25.140024
9598263,11,4,5,21,161,202,2024-05-15 22:34:25.140024
7820707,11,4,5,21,161,202,2024-05-15 22:34:25.140024
9465648,11,4,5,21,161,202,2024-05-15 22:34:25.140024
9224731,11,4,5,21,161,202,2024-05-15 22:34:25.140024
9159822,11,4,5,21,161,202,2024-05-15 22:34:25.140024
7678613,11,4,5,21,161,202,2024-05-15 22:34:25.140024
8067979,11,4,5,21,161,202,2024-05-15 22:34:25.140024
8945100,11,4,5,21,161,202,2024-05-15 22:34:25.140024
8851455,11,4,5,21,161,202,2024-05-15 22:34:25.140024
8843087,11,4,5,21,161,202,2024-05-15 22:34:25.140024
8821703,11,4,5,21,161,202,2024-05-15 22:34:25.140024
8800702,11,4,5,21,161,202,2024-05-15 22:34:25.140024
8605525,11,4,5,21,161,202,2024-05-15 22:34:25.140024
8532681,11,4,5,21,161,202,2024-05-15 22:34:25.140024
8526792,11,4,5,21,161,202,2024-05-15 22:34:25.140024
7557989,11,4,5,21,161,202,2024-05-15 22:34:25.140024
8457778,11,4,5,21,161,202,2024-05-15 22:34:25.140024
8267686,11,4,5,21,161,202,2024-05-15 22:34:25.140024
8407133,11,4,5,21,161,202,2024-05-15 22:34:25.140024
8294726,11,4,5,21,161,202,2024-05-15 22:34:25.140024
8177080,11,4,5,21,161,202,2024-05-15 22:34:25.140024
8082134,11,4,5,21,161,202,2024-05-15 22:34:25.140024
8061102,11,4,5,21,161,202,2024-05-15 22:34:25.140024
8047157,11,4,5,21,161,202,2024-05-15 22:34:25.140024
7885430,11,4,5,21,161,202,2024-05-15 22:34:25.140024
7873427,11,4,5,21,161,202,2024-05-15 22:34:25.140024
4302392,11,4,5,21,161,202,2024-05-15 22:34:25.140024
7684786,11,4,5,21,161,202,2024-05-15 22:34:25.140024
7647696,11,4,5,21,161,202,2024-05-15 22:34:25.140024
7625254,11,4,5,21,161,202,2024-05-15 22:34:25.140024
7479660,11,4,5,21,161,202,2024-05-15 22:34:25.140024
7363089,11,4,5,21,161,202,2024-05-15 22:34:25.140024
7352093,11,4,5,21,161,202,2024-05-15 22:34:25.140024
7339755,11,4,5,21,161,202,2024-05-15 22:34:25.140024
6874276,11,4,5,21,161,202,2024-05-15 22:34:25.140024
6650718,11,4,5,21,161,202,2024-05-15 22:34:25.140024
6524390,11,4,5,21,161,202,2024-05-15 22:34:25.140024
6283599,11,4,5,21,161,202,2024-05-15 22:34:25.140024
6248741,11,4,5,21,161,202,2024-05-15 22:34:25.140024
6147176,11,4,5,21,161,202,2024-05-15 22:34:25.140024
6092359,11,4,5,21,161,202,2024-05-15 22:34:25.140024
6088208,11,4,5,21,161,202,2024-05-15 22:34:25.140024
5906088,11,4,5,21,161,202,2024-05-15 22:34:25.140024
5757960,11,4,5,21,161,202,2024-05-15 22:34:25.140024
5543476,11,4,5,21,161,202,2024-05-15 22:34:25.140024
5366956,11,4,5,21,161,202,2024-05-15 22:34:25.140024
5452621,11,4,5,21,161,202,2024-05-15 22:34:25.140024
5385431,11,4,5,21,161,202,2024-05-15 22:34:25.140024
4887852,11,4,5,21,161,202,2024-05-15 22:34:25.140024
4252066,11,4,5,21,161,202,2024-05-15 22:34:25.140024
18373756,7,0,5,13,147,172,2024-05-15 22:34:25.140024
13254806,7,0,5,13,147,172,2024-05-15 22:34:25.140024
19377493,7,0,5,13,147,172,2024-05-15 22:34:25.140024
13508110,7,0,5,13,147,172,2024-05-15 22:34:25.140024
15842078,7,0,5,13,147,172,2024-05-15 22:34:25.140024
18416721,7,0,5,13,147,172,2024-05-15 22:34:25.140024
15971078,7,0,5,13,147,172,2024-05-15 22:34:25.140024
19273166,7,0,5,13,147,172,2024-05-15 22:34:25.140024
16722403,7,0,5,13,147,172,2024-05-15 22:34:25.140024
19715438,7,0,5,13,147,172,2024-05-15 22:34:25.140024
19836969,7,0,5,13,147,172,2024-05-15 22:34:25.140024
19534534,7,0,5,13,147,172,2024-05-15 22:34:25.140024
13835173,7,0,5,13,147,172,2024-05-15 22:34:25.140024
17547953,7,0,5,13,147,172,2024-05-15 22:34:25.140024
13681700,7,0,5,13,147,172,2024-05-15 22:34:25.140024
19717950,7,0,5,13,147,172,2024-05-15 22:34:25.140024
19310380,7,0,5,13,147,172,2024-05-15 22:34:25.140024
16165876,7,0,5,13,147,172,2024-05-15 22:34:25.140024
16359472,7,0,5,13,147,172,2024-05-15 22:34:25.140024
17664153,7,0,5,13,147,172,2024-05-15 22:34:25.140024
19633394,7,0,5,13,147,172,2024-05-15 22:34:25.140024
19601598,7,0,5,13,147,172,2024-05-15 22:34:25.140024
18915470,7,0,5,13,147,172,2024-05-15 22:34:25.140024
17227186,7,0,5,13,147,172,2024-05-15 22:34:25.140024
13469007,7,0,5,13,147,172,2024-05-15 22:34:25.140024
18781409,7,0,5,13,147,172,2024-05-15 22:34:25.140024
13344726,7,0,5,13,147,172,2024-05-15 22:34:25.140024
17991628,7,0,5,13,147,172,2024-05-15 22:34:25.140024
18940723,7,0,5,13,147,172,2024-05-15 22:34:25.140024
14349470,7,0,5,13,147,172,2024-05-15 22:34:25.140024
19222569,7,0,5,13,147,172,2024-05-15 22:34:25.140024
15312568,7,0,5,13,147,172,2024-05-15 22:34:25.140024
13471664,7,0,5,13,147,172,2024-05-15 22:34:25.140024
16582272,7,0,5,13,147,172,2024-05-15 22:34:25.140024
17292300,7,0,5,13,147,172,2024-05-15 22:34:25.140024
18027460,7,0,5,13,147,172,2024-05-15 22:34:25.140024
13642592,7,0,5,13,147,172,2024-05-15 22:34:25.140024
19038768,7,0,5,13,147,172,2024-05-15 22:34:25.140024
16125555,7,0,5,13,147,172,2024-05-15 22:34:25.140024
16430942,7,0,5,13,147,172,2024-05-15 22:34:25.140024
14454649,7,0,5,13,147,172,2024-05-15 22:34:25.140024
18924994,7,0,5,13,147,172,2024-05-15 22:34:25.140024
18907231,7,0,5,13,147,172,2024-05-15 22:34:25.140024
17232034,7,0,5,13,147,172,2024-05-15 22:34:25.140024
18752761,7,0,5,13,147,172,2024-05-15 22:34:25.140024
18746031,7,0,5,13,147,172,2024-05-15 22:34:25.140024
15434837,7,0,5,13,147,172,2024-05-15 22:34:25.140024
16379446,7,0,5,13,147,172,2024-05-15 22:34:25.140024
17093772,7,0,5,13,147,172,2024-05-15 22:34:25.140024
15574148,7,0,5,13,147,172,2024-05-15 22:34:25.140024
18546375,7,0,5,13,147,172,2024-05-15 22:34:25.140024
18537403,7,0,5,13,147,172,2024-05-15 22:34:25.140024
18507179,7,0,5,13,147,172,2024-05-15 22:34:25.140024
14095244,7,0,5,13,147,172,2024-05-15 22:34:25.140024
18419302,7,0,5,13,147,172,2024-05-15 22:34:25.140024
18372745,7,0,5,13,147,172,2024-05-15 22:34:25.140024
18309914,7,0,5,13,147,172,2024-05-15 22:34:25.140024
13955988,7,0,5,13,147,172,2024-05-15 22:34:25.140024
18256240,7,0,5,13,147,172,2024-05-15 22:34:25.140024
18249027,7,0,5,13,147,172,2024-05-15 22:34:25.140024
18227748,7,0,5,13,147,172,2024-05-15 22:34:25.140024
18213191,7,0,5,13,147,172,2024-05-15 22:34:25.140024
18101778,7,0,5,13,147,172,2024-05-15 22:34:25.140024
18029635,7,0,5,13,147,172,2024-05-15 22:34:25.140024
16140559,7,0,5,13,147,172,2024-05-15 22:34:25.140024
15278168,7,0,5,13,147,172,2024-05-15 22:34:25.140024
15163586,7,0,5,13,147,172,2024-05-15 22:34:25.140024
17812495,7,0,5,13,147,172,2024-05-15 22:34:25.140024
15242640,7,0,5,13,147,172,2024-05-15 22:34:25.140024
16994198,7,0,5,13,147,172,2024-05-15 22:34:25.140024
17769061,7,0,5,13,147,172,2024-05-15 22:34:25.140024
17718837,7,0,5,13,147,172,2024-05-15 22:34:25.140024
17710444,7,0,5,13,147,172,2024-05-15 22:34:25.140024
15995572,7,0,5,13,147,172,2024-05-15 22:34:25.140024
17698026,7,0,5,13,147,172,2024-05-15 22:34:25.140024
15132916,7,0,5,13,147,172,2024-05-15 22:34:25.140024
16889485,7,0,5,13,147,172,2024-05-15 22:34:25.140024
15820713,7,0,5,13,147,172,2024-05-15 22:34:25.140024
17526157,7,0,5,13,147,172,2024-05-15 22:34:25.140024
13192965,7,0,5,13,147,172,2024-05-15 22:34:25.140024
16762358,7,0,5,13,147,172,2024-05-15 22:34:25.140024
17278515,7,0,5,13,147,172,2024-05-15 22:34:25.140024
14636060,7,0,5,13,147,172,2024-05-15 22:34:25.140024
17200370,7,0,5,13,147,172,2024-05-15 22:34:25.140024
17084745,7,0,5,13,147,172,2024-05-15 22:34:25.140024
17082320,7,0,5,13,147,172,2024-05-15 22:34:25.140024
14201787,7,0,5,13,147,172,2024-05-15 22:34:25.140024
16809481,7,0,5,13,147,172,2024-05-15 22:34:25.140024
5420574,7,0,5,13,147,172,2024-05-15 22:34:25.140024
16700614,7,0,5,13,147,172,2024-05-15 22:34:25.140024
16595933,7,0,5,13,147,172,2024-05-15 22:34:25.140024
14156024,7,0,5,13,147,172,2024-05-15 22:34:25.140024
14507093,7,0,5,13,147,172,2024-05-15 22:34:25.140024
16314125,7,0,5,13,147,172,2024-05-15 22:34:25.140024
14015447,7,0,5,13,147,172,2024-05-15 22:34:25.140024
16088232,7,0,5,13,147,172,2024-05-15 22:34:25.140024
16305421,7,0,5,13,147,172,2024-05-15 22:34:25.140024
15975020,7,0,5,13,147,172,2024-05-15 22:34:25.140024
15949739,7,0,5,13,147,172,2024-05-15 22:34:25.140024
16182086,7,0,5,13,147,172,2024-05-15 22:34:25.140024
13853121,7,0,5,13,147,172,2024-05-15 22:34:25.140024
14670436,7,0,5,13,147,172,2024-05-15 22:34:25.140024
16340638,7,0,5,13,147,172,2024-05-15 22:34:25.140024
16296024,7,0,5,13,147,172,2024-05-15 22:34:25.140024
16269838,7,0,5,13,147,172,2024-05-15 22:34:25.140024
16199215,7,0,5,13,147,172,2024-05-15 22:34:25.140024
15340808,7,0,5,13,147,172,2024-05-15 22:34:25.140024
16172400,7,0,5,13,147,172,2024-05-15 22:34:25.140024
16159641,7,0,5,13,147,172,2024-05-15 22:34:25.140024
15581776,7,0,5,13,147,172,2024-05-15 22:34:25.140024
16099163,7,0,5,13,147,172,2024-05-15 22:34:25.140024
15452035,7,0,5,13,147,172,2024-05-15 22:34:25.140024
15889039,7,0,5,13,147,172,2024-05-15 22:34:25.140024
13594003,7,0,5,13,147,172,2024-05-15 22:34:25.140024
15646901,7,0,5,13,147,172,2024-05-15 22:34:25.140024
15624880,7,0,5,13,147,172,2024-05-15 22:34:25.140024
15367618,7,0,5,13,147,172,2024-05-15 22:34:25.140024
14232613,7,0,5,13,147,172,2024-05-15 22:34:25.140024
15137107,7,0,5,13,147,172,2024-05-15 22:34:25.140024
15422071,7,0,5,13,147,172,2024-05-15 22:34:25.140024
15350001,7,0,5,13,147,172,2024-05-15 22:34:25.140024
15342463,7,0,5,13,147,172,2024-05-15 22:34:25.140024
15153920,7,0,5,13,147,172,2024-05-15 22:34:25.140024
13817158,7,0,5,13,147,172,2024-05-15 22:34:25.140024
13953029,7,0,5,13,147,172,2024-05-15 22:34:25.140024
15047060,7,0,5,13,147,172,2024-05-15 22:34:25.140024
15035934,7,0,5,13,147,172,2024-05-15 22:34:25.140024
14944627,7,0,5,13,147,172,2024-05-15 22:34:25.140024
13694191,7,0,5,13,147,172,2024-05-15 22:34:25.140024
14860289,7,0,5,13,147,172,2024-05-15 22:34:25.140024
14847563,7,0,5,13,147,172,2024-05-15 22:34:25.140024
14819910,7,0,5,13,147,172,2024-05-15 22:34:25.140024
14798155,7,0,5,13,147,172,2024-05-15 22:34:25.140024
14796498,7,0,5,13,147,172,2024-05-15 22:34:25.140024
14695098,7,0,5,13,147,172,2024-05-15 22:34:25.140024
14634999,7,0,5,13,147,172,2024-05-15 22:34:25.140024
14602360,7,0,5,13,147,172,2024-05-15 22:34:25.140024
14534518,7,0,5,13,147,172,2024-05-15 22:34:25.140024
14510312,7,0,5,13,147,172,2024-05-15 22:34:25.140024
14508449,7,0,5,13,147,172,2024-05-15 22:34:25.140024
14330506,7,0,5,13,147,172,2024-05-15 22:34:25.140024
14445682,7,0,5,13,147,172,2024-05-15 22:34:25.140024
14400086,7,0,5,13,147,172,2024-05-15 22:34:25.140024
14039997,7,0,5,13,147,172,2024-05-15 22:34:25.140024
13612236,7,0,5,13,147,172,2024-05-15 22:34:25.140024
13981227,7,0,5,13,147,172,2024-05-15 22:34:25.140024
13719092,7,0,5,13,147,172,2024-05-15 22:34:25.140024
13650019,7,0,5,13,147,172,2024-05-15 22:34:25.140024
13605813,7,0,5,13,147,172,2024-05-15 22:34:25.140024
13578690,7,0,5,13,147,172,2024-05-15 22:34:25.140024
13540146,7,0,5,13,147,172,2024-05-15 22:34:25.140024
13505594,7,0,5,13,147,172,2024-05-15 22:34:25.140024
13321962,7,0,5,13,147,172,2024-05-15 22:34:25.140024
13309941,7,0,5,13,147,172,2024-05-15 22:34:25.140024
13300559,7,0,5,13,147,172,2024-05-15 22:34:25.140024
13253898,7,0,5,13,147,172,2024-05-15 22:34:25.140024
13171244,7,0,5,13,147,172,2024-05-15 22:34:25.140024
8287987,7,0,5,13,147,172,2024-05-15 22:34:25.140024
8808531,7,0,5,13,147,172,2024-05-15 22:34:25.140024
9594225,7,0,5,13,147,172,2024-05-15 22:34:25.140024
9294212,7,0,5,13,147,172,2024-05-15 22:34:25.140024
9169692,7,0,5,13,147,172,2024-05-15 22:34:25.140024
6963330,7,0,5,13,147,172,2024-05-15 22:34:25.140024
7184377,7,0,5,13,147,172,2024-05-15 22:34:25.140024
7133946,7,0,5,13,147,172,2024-05-15 22:34:25.140024
6934276,7,0,5,13,147,172,2024-05-15 22:34:25.140024
6182813,7,0,5,13,147,172,2024-05-15 22:34:25.140024
5964122,7,0,5,13,147,172,2024-05-15 22:34:25.140024
5669032,7,0,5,13,147,172,2024-05-15 22:34:25.140024
5511599,7,0,5,13,147,172,2024-05-15 22:34:25.140024
5439786,7,0,5,13,147,172,2024-05-15 22:34:25.140024
4343170,7,0,5,13,147,172,2024-05-15 22:34:25.140024
17705489,0,0,0,0,1,1,2024-05-15 22:34:25.140024
19784688,0,0,0,3,16,19,2024-05-15 22:34:25.140024
19723368,0,0,0,3,16,19,2024-05-15 22:34:25.140024
17516653,0,0,0,3,16,19,2024-05-15 22:34:25.140024
19695324,0,0,0,3,16,19,2024-05-15 22:34:25.140024
19248691,0,0,0,3,16,19,2024-05-15 22:34:25.140024
19144382,0,0,0,3,16,19,2024-05-15 22:34:25.140024
19082787,0,0,0,3,16,19,2024-05-15 22:34:25.140024
18965337,0,0,0,3,16,19,2024-05-15 22:34:25.140024
18847882,0,0,0,3,16,19,2024-05-15 22:34:25.140024
18444888,0,0,0,3,16,19,2024-05-15 22:34:25.140024
18363869,0,0,0,3,16,19,2024-05-15 22:34:25.140024
17998515,0,0,0,3,16,19,2024-05-15 22:34:25.140024
16605598,0,0,0,3,16,19,2024-05-15 22:34:25.140024
18011922,0,0,0,3,16,19,2024-05-15 22:34:25.140024
16284164,0,0,0,3,16,19,2024-05-15 22:34:25.140024
16116350,0,0,0,3,16,19,2024-05-15 22:34:25.140024
12986635,0,0,0,3,16,19,2024-05-15 22:34:25.140024
17088398,0,0,0,3,16,19,2024-05-15 22:34:25.140024
14078939,0,0,0,3,16,19,2024-05-15 22:34:25.140024
18963401,0,0,0,0,2,2,2024-05-15 22:34:25.140024
17656252,0,0,0,0,2,2,2024-05-15 22:34:25.140024
18721376,3,2,6,27,139,177,2024-05-15 22:34:25.140024
16720429,3,2,6,27,139,177,2024-05-15 22:34:25.140024
18474132,3,2,6,27,139,177,2024-05-15 22:34:25.140024
17998877,3,2,6,27,139,177,2024-05-15 22:34:25.140024
12731318,3,2,6,27,139,177,2024-05-15 22:34:25.140024
19368501,3,2,6,27,139,177,2024-05-15 22:34:25.140024
13464780,3,2,6,27,139,177,2024-05-15 22:34:25.140024
18262177,3,2,6,27,139,177,2024-05-15 22:34:25.140024
12797722,3,2,6,27,139,177,2024-05-15 22:34:25.140024
19330555,3,2,6,27,139,177,2024-05-15 22:34:25.140024
17999518,3,2,6,27,139,177,2024-05-15 22:34:25.140024
15912337,3,2,6,27,139,177,2024-05-15 22:34:25.140024
19424611,3,2,6,27,139,177,2024-05-15 22:34:25.140024
19111523,3,2,6,27,139,177,2024-05-15 22:34:25.140024
13689436,3,2,6,27,139,177,2024-05-15 22:34:25.140024
19132543,3,2,6,27,139,177,2024-05-15 22:34:25.140024
18511713,3,2,6,27,139,177,2024-05-15 22:34:25.140024
18193888,3,2,6,27,139,177,2024-05-15 22:34:25.140024
18446992,3,2,6,27,139,177,2024-05-15 22:34:25.140024
19448392,3,2,6,27,139,177,2024-05-15 22:34:25.140024
13039615,3,2,6,27,139,177,2024-05-15 22:34:25.140024
14059562,3,2,6,27,139,177,2024-05-15 22:34:25.140024
11276682,3,2,6,27,139,177,2024-05-15 22:34:25.140024
10383403,3,2,6,27,139,177,2024-05-15 22:34:25.140024
16115666,3,2,6,27,139,177,2024-05-15 22:34:25.140024
18739478,3,2,6,27,139,177,2024-05-15 22:34:25.140024
11103511,3,2,6,27,139,177,2024-05-15 22:34:25.140024
19300961,3,2,6,27,139,177,2024-05-15 22:34:25.140024
11691601,3,2,6,27,139,177,2024-05-15 22:34:25.140024
19104656,3,2,6,27,139,177,2024-05-15 22:34:25.140024
12622655,3,2,6,27,139,177,2024-05-15 22:34:25.140024
15911248,3,2,6,27,139,177,2024-05-15 22:34:25.140024
18978807,3,2,6,27,139,177,2024-05-15 22:34:25.140024
14516567,3,2,6,27,139,177,2024-05-15 22:34:25.140024
18803889,3,2,6,27,139,177,2024-05-15 22:34:25.140024
15670923,3,2,6,27,139,177,2024-05-15 22:34:25.140024
13408798,3,2,6,27,139,177,2024-05-15 22:34:25.140024
17702544,3,2,6,27,139,177,2024-05-15 22:34:25.140024
13569561,3,2,6,27,139,177,2024-05-15 22:34:25.140024
11698705,3,2,6,27,139,177,2024-05-15 22:34:25.140024
18186809,3,2,6,27,139,177,2024-05-15 22:34:25.140024
13497967,3,2,6,27,139,177,2024-05-15 22:34:25.140024
17160132,3,2,6,27,139,177,2024-05-15 22:34:25.140024
14917407,3,2,6,27,139,177,2024-05-15 22:34:25.140024
18528240,3,2,6,27,139,177,2024-05-15 22:34:25.140024
18489602,3,2,6,27,139,177,2024-05-15 22:34:25.140024
13679428,3,2,6,27,139,177,2024-05-15 22:34:25.140024
14167545,3,2,6,27,139,177,2024-05-15 22:34:25.140024
12947826,3,2,6,27,139,177,2024-05-15 22:34:25.140024
18364847,3,2,6,27,139,177,2024-05-15 22:34:25.140024
16131708,3,2,6,27,139,177,2024-05-15 22:34:25.140024
13446308,3,2,6,27,139,177,2024-05-15 22:34:25.140024
18139997,3,2,6,27,139,177,2024-05-15 22:34:25.140024
18113313,3,2,6,27,139,177,2024-05-15 22:34:25.140024
14790701,3,2,6,27,139,177,2024-05-15 22:34:25.140024
18106097,3,2,6,27,139,177,2024-05-15 22:34:25.140024
18095508,3,2,6,27,139,177,2024-05-15 22:34:25.140024
13304414,3,2,6,27,139,177,2024-05-15 22:34:25.140024
15019617,3,2,6,27,139,177,2024-05-15 22:34:25.140024
13614840,3,2,6,27,139,177,2024-05-15 22:34:25.140024
17864617,3,2,6,27,139,177,2024-05-15 22:34:25.140024
17735827,3,2,6,27,139,177,2024-05-15 22:34:25.140024
13379162,3,2,6,27,139,177,2024-05-15 22:34:25.140024
12301267,3,2,6,27,139,177,2024-05-15 22:34:25.140024
10713479,3,2,6,27,139,177,2024-05-15 22:34:25.140024
17652080,3,2,6,27,139,177,2024-05-15 22:34:25.140024
13801946,3,2,6,27,139,177,2024-05-15 22:34:25.140024
17611074,3,2,6,27,139,177,2024-05-15 22:34:25.140024
16602255,3,2,6,27,139,177,2024-05-15 22:34:25.140024
14039258,3,2,6,27,139,177,2024-05-15 22:34:25.140024
14818378,3,2,6,27,139,177,2024-05-15 22:34:25.140024
12817697,3,2,6,27,139,177,2024-05-15 22:34:25.140024
11393656,3,2,6,27,139,177,2024-05-15 22:34:25.140024
11354412,3,2,6,27,139,177,2024-05-15 22:34:25.140024
16987808,3,2,6,27,139,177,2024-05-15 22:34:25.140024
16361016,3,2,6,27,139,177,2024-05-15 22:34:25.140024
13843124,3,2,6,27,139,177,2024-05-15 22:34:25.140024
16973251,3,2,6,27,139,177,2024-05-15 22:34:25.140024
14727760,3,2,6,27,139,177,2024-05-15 22:34:25.140024
16800188,3,2,6,27,139,177,2024-05-15 22:34:25.140024
14411009,3,2,6,27,139,177,2024-05-15 22:34:25.140024
15624227,3,2,6,27,139,177,2024-05-15 22:34:25.140024
16495005,3,2,6,27,139,177,2024-05-15 22:34:25.140024
13798453,3,2,6,27,139,177,2024-05-15 22:34:25.140024
15009365,3,2,6,27,139,177,2024-05-15 22:34:25.140024
16232797,3,2,6,27,139,177,2024-05-15 22:34:25.140024
12402528,3,2,6,27,139,177,2024-05-15 22:34:25.140024
16101044,3,2,6,27,139,177,2024-05-15 22:34:25.140024
16070016,3,2,6,27,139,177,2024-05-15 22:34:25.140024
12964036,3,2,6,27,139,177,2024-05-15 22:34:25.140024
15978715,3,2,6,27,139,177,2024-05-15 22:34:25.140024
15904520,3,2,6,27,139,177,2024-05-15 22:34:25.140024
14861615,3,2,6,27,139,177,2024-05-15 22:34:25.140024
13912027,3,2,6,27,139,177,2024-05-15 22:34:25.140024
15227377,3,2,6,27,139,177,2024-05-15 22:34:25.140024
13737898,3,2,6,27,139,177,2024-05-15 22:34:25.140024
15263019,3,2,6,27,139,177,2024-05-15 22:34:25.140024
13644368,3,2,6,27,139,177,2024-05-15 22:34:25.140024
10363177,3,2,6,27,139,177,2024-05-15 22:34:25.140024
14820554,3,2,6,27,139,177,2024-05-15 22:34:25.140024
14794721,3,2,6,27,139,177,2024-05-15 22:34:25.140024
14770085,3,2,6,27,139,177,2024-05-15 22:34:25.140024
13343570,3,2,6,27,139,177,2024-05-15 22:34:25.140024
14417021,3,2,6,27,139,177,2024-05-15 22:34:25.140024
10055731,3,2,6,27,139,177,2024-05-15 22:34:25.140024
11030847,3,2,6,27,139,177,2024-05-15 22:34:25.140024
11249288,3,2,6,27,139,177,2024-05-15 22:34:25.140024
13586574,3,2,6,27,139,177,2024-05-15 22:34:25.140024
14330776,3,2,6,27,139,177,2024-05-15 22:34:25.140024
14321733,3,2,6,27,139,177,2024-05-15 22:34:25.140024
13503713,3,2,6,27,139,177,2024-05-15 22:34:25.140024
14313618,3,2,6,27,139,177,2024-05-15 22:34:25.140024
14296069,3,2,6,27,139,177,2024-05-15 22:34:25.140024
13244864,3,2,6,27,139,177,2024-05-15 22:34:25.140024
14089142,3,2,6,27,139,177,2024-05-15 22:34:25.140024
14077418,3,2,6,27,139,177,2024-05-15 22:34:25.140024
11083840,3,2,6,27,139,177,2024-05-15 22:34:25.140024
13912917,3,2,6,27,139,177,2024-05-15 22:34:25.140024
13897625,3,2,6,27,139,177,2024-05-15 22:34:25.140024
13879829,3,2,6,27,139,177,2024-05-15 22:34:25.140024
13872184,3,2,6,27,139,177,2024-05-15 22:34:25.140024
12614690,3,2,6,27,139,177,2024-05-15 22:34:25.140024
13706021,3,2,6,27,139,177,2024-05-15 22:34:25.140024
10522052,3,2,6,27,139,177,2024-05-15 22:34:25.140024
13663052,3,2,6,27,139,177,2024-05-15 22:34:25.140024
11073436,3,2,6,27,139,177,2024-05-15 22:34:25.140024
12953482,3,2,6,27,139,177,2024-05-15 22:34:25.140024
13476532,3,2,6,27,139,177,2024-05-15 22:34:25.140024
13453729,3,2,6,27,139,177,2024-05-15 22:34:25.140024
13285731,3,2,6,27,139,177,2024-05-15 22:34:25.140024
10034991,3,2,6,27,139,177,2024-05-15 22:34:25.140024
13270442,3,2,6,27,139,177,2024-05-15 22:34:25.140024
12892270,3,2,6,27,139,177,2024-05-15 22:34:25.140024
13139359,3,2,6,27,139,177,2024-05-15 22:34:25.140024
12775935,3,2,6,27,139,177,2024-05-15 22:34:25.140024
13106635,3,2,6,27,139,177,2024-05-15 22:34:25.140024
13077395,3,2,6,27,139,177,2024-05-15 22:34:25.140024
12963358,3,2,6,27,139,177,2024-05-15 22:34:25.140024
12929824,3,2,6,27,139,177,2024-05-15 22:34:25.140024
11620867,3,2,6,27,139,177,2024-05-15 22:34:25.140024
12453880,3,2,6,27,139,177,2024-05-15 22:34:25.140024
12792982,3,2,6,27,139,177,2024-05-15 22:34:25.140024
12480453,3,2,6,27,139,177,2024-05-15 22:34:25.140024
12735176,3,2,6,27,139,177,2024-05-15 22:34:25.140024
12710410,3,2,6,27,139,177,2024-05-15 22:34:25.140024
11468914,3,2,6,27,139,177,2024-05-15 22:34:25.140024
12461911,3,2,6,27,139,177,2024-05-15 22:34:25.140024
12434356,3,2,6,27,139,177,2024-05-15 22:34:25.140024
12418122,3,2,6,27,139,177,2024-05-15 22:34:25.140024
12415826,3,2,6,27,139,177,2024-05-15 22:34:25.140024
12404645,3,2,6,27,139,177,2024-05-15 22:34:25.140024
12388871,3,2,6,27,139,177,2024-05-15 22:34:25.140024
10834540,3,2,6,27,139,177,2024-05-15 22:34:25.140024
12270995,3,2,6,27,139,177,2024-05-15 22:34:25.140024
11738073,3,2,6,27,139,177,2024-05-15 22:34:25.140024
12197153,3,2,6,27,139,177,2024-05-15 22:34:25.140024
12099031,3,2,6,27,139,177,2024-05-15 22:34:25.140024
12049465,3,2,6,27,139,177,2024-05-15 22:34:25.140024
11652800,3,2,6,27,139,177,2024-05-15 22:34:25.140024
11717413,3,2,6,27,139,177,2024-05-15 22:34:25.140024
11715215,3,2,6,27,139,177,2024-05-15 22:34:25.140024
11660193,3,2,6,27,139,177,2024-05-15 22:34:25.140024
11587632,3,2,6,27,139,177,2024-05-15 22:34:25.140024
11555477,3,2,6,27,139,177,2024-05-15 22:34:25.140024
11385817,3,2,6,27,139,177,2024-05-15 22:34:25.140024
11484088,3,2,6,27,139,177,2024-05-15 22:34:25.140024
11501824,3,2,6,27,139,177,2024-05-15 22:34:25.140024
11014726,3,2,6,27,139,177,2024-05-15 22:34:25.140024
10723050,3,2,6,27,139,177,2024-05-15 22:34:25.140024
10427601,3,2,6,27,139,177,2024-05-15 22:34:25.140024
10363119,3,2,6,27,139,177,2024-05-15 22:34:25.140024
10215846,3,2,6,27,139,177,2024-05-15 22:34:25.140024
10003363,3,2,6,27,139,177,2024-05-15 22:34:25.140024
9856194,3,2,6,27,139,177,2024-05-15 22:34:25.140024
9406126,3,2,6,27,139,177,2024-05-15 22:34:25.140024
9111116,3,2,6,27,139,177,2024-05-15 22:34:25.140024
19867226,1,0,1,4,11,17,2024-05-15 22:34:25.140024
17150563,1,0,1,4,11,17,2024-05-15 22:34:25.140024
13939886,1,0,1,4,11,17,2024-05-15 22:34:25.140024
13162743,1,0,1,4,11,17,2024-05-15 22:34:25.140024
14238609,1,0,1,4,11,17,2024-05-15 22:34:25.140024
16886606,1,0,1,4,11,17,2024-05-15 22:34:25.140024
18662618,1,0,1,4,11,17,2024-05-15 22:34:25.140024
14261991,1,0,1,4,11,17,2024-05-15 22:34:25.140024
15454417,1,0,1,4,11,17,2024-05-15 22:34:25.140024
15730941,1,0,1,4,11,17,2024-05-15 22:34:25.140024
13051285,1,0,1,4,11,17,2024-05-15 22:34:25.140024
12488218,1,0,1,4,11,17,2024-05-15 22:34:25.140024
13164545,1,0,1,4,11,17,2024-05-15 22:34:25.140024
13154163,1,0,1,4,11,17,2024-05-15 22:34:25.140024
13016093,1,0,1,4,11,17,2024-05-15 22:34:25.140024
12700912,1,0,1,4,11,17,2024-05-15 22:34:25.140024
12173753,1,0,1,4,11,17,2024-05-15 22:34:25.140024
19074856,0,0,0,0,1,1,2024-05-15 22:34:25.140024
11149482,0,0,0,0,7,7,2024-05-15 22:34:25.140024
17408470,0,0,0,0,7,7,2024-05-15 22:34:25.140024
10586806,0,0,0,0,7,7,2024-05-15 22:34:25.140024
10905901,0,0,0,0,7,7,2024-05-15 22:34:25.140024
11494909,0,0,0,0,7,7,2024-05-15 22:34:25.140024
7599040,0,0,0,0,7,7,2024-05-15 22:34:25.140024
7218678,0,0,0,0,7,7,2024-05-15 22:34:25.140024
18936109,0,0,0,0,2,2,2024-05-15 22:34:25.140024
18735104,0,0,0,0,2,2,2024-05-15 22:34:25.140024
19062466,1,0,0,3,18,22,2024-05-15 22:34:25.140024
19740139,1,0,0,3,18,22,2024-05-15 22:34:25.140024
19824255,1,0,0,3,18,22,2024-05-15 22:34:25.140024
19793967,1,0,0,3,18,22,2024-05-15 22:34:25.140024
19380634,1,0,0,3,18,22,2024-05-15 22:34:25.140024
19669726,1,0,0,3,18,22,2024-05-15 22:34:25.140024
19579381,1,0,0,3,18,22,2024-05-15 22:34:25.140024
19647435,1,0,0,3,18,22,2024-05-15 22:34:25.140024
18889947,1,0,0,3,18,22,2024-05-15 22:34:25.140024
18579355,1,0,0,3,18,22,2024-05-15 22:34:25.140024
16358421,1,0,0,3,18,22,2024-05-15 22:34:25.140024
16244236,1,0,0,3,18,22,2024-05-15 22:34:25.140024
16979061,1,0,0,3,18,22,2024-05-15 22:34:25.140024
13623736,1,0,0,3,18,22,2024-05-15 22:34:25.140024
17731862,1,0,0,3,18,22,2024-05-15 22:34:25.140024
17707280,1,0,0,3,18,22,2024-05-15 22:34:25.140024
13398781,1,0,0,3,18,22,2024-05-15 22:34:25.140024
15893125,1,0,0,3,18,22,2024-05-15 22:34:25.140024
15368421,1,0,0,3,18,22,2024-05-15 22:34:25.140024
15215258,1,0,0,3,18,22,2024-05-15 22:34:25.140024
13788025,1,0,0,3,18,22,2024-05-15 22:34:25.140024
13560120,1,0,0,3,18,22,2024-05-15 22:34:25.140024
19492183,1,0,0,5,18,24,2024-05-15 22:34:25.140024
16972322,1,0,0,5,18,24,2024-05-15 22:34:25.140024
17787355,1,0,0,5,18,24,2024-05-15 22:34:25.140024
18620552,1,0,0,5,18,24,2024-05-15 22:34:25.140024
8075807,1,0,0,5,18,24,2024-05-15 22:34:25.140024
17983766,1,0,0,5,18,24,2024-05-15 22:34:25.140024
10959061,1,0,0,5,18,24,2024-05-15 22:34:25.140024
10301245,1,0,0,5,18,24,2024-05-15 22:34:25.140024
12570656,1,0,0,5,18,24,2024-05-15 22:34:25.140024
11962812,1,0,0,5,18,24,2024-05-15 22:34:25.140024
11570372,1,0,0,5,18,24,2024-05-15 22:34:25.140024
11779486,1,0,0,5,18,24,2024-05-15 22:34:25.140024
11036987,1,0,0,5,18,24,2024-05-15 22:34:25.140024
11028234,1,0,0,5,18,24,2024-05-15 22:34:25.140024
11135942,1,0,0,5,18,24,2024-05-15 22:34:25.140024
10238955,1,0,0,5,18,24,2024-05-15 22:34:25.140024
10068064,1,0,0,5,18,24,2024-05-15 22:34:25.140024
9712794,1,0,0,5,18,24,2024-05-15 22:34:25.140024
9439070,1,0,0,5,18,24,2024-05-15 22:34:25.140024
8519826,1,0,0,5,18,24,2024-05-15 22:34:25.140024
8435738,1,0,0,5,18,24,2024-05-15 22:34:25.140024
7227023,1,0,0,5,18,24,2024-05-15 22:34:25.140024
6968147,1,0,0,5,18,24,2024-05-15 22:34:25.140024
6255168,1,0,0,5,18,24,2024-05-15 22:34:25.140024
13414899,0,0,0,1,8,9,2024-05-15 22:34:25.140024
18025318,0,0,0,1,8,9,2024-05-15 22:34:25.140024
18912361,0,0,0,1,8,9,2024-05-15 22:34:25.140024
13143466,0,0,0,1,8,9,2024-05-15 22:34:25.140024
18281316,0,0,0,1,8,9,2024-05-15 22:34:25.140024
16986542,0,0,0,1,8,9,2024-05-15 22:34:25.140024
16355453,0,0,0,1,8,9,2024-05-15 22:34:25.140024
8827680,0,0,0,1,8,9,2024-05-15 22:34:25.140024
9786662,0,0,0,1,8,9,2024-05-15 22:34:25.140024
19034066,0,0,0,1,0,1,2024-05-15 22:34:25.140024
19327149,0,0,0,0,1,1,2024-05-15 22:34:25.140024
18736540,0,0,0,0,1,1,2024-05-15 22:34:25.140024
19821944,0,0,1,1,6,8,2024-05-15 22:34:25.140024
19777422,0,0,1,1,6,8,2024-05-15 22:34:25.140024
19237316,0,0,1,1,6,8,2024-05-15 22:34:25.140024
18914279,0,0,1,1,6,8,2024-05-15 22:34:25.140024
17728645,0,0,1,1,6,8,2024-05-15 22:34:25.140024
17164200,0,0,1,1,6,8,2024-05-15 22:34:25.140024
16534859,0,0,1,1,6,8,2024-05-15 22:34:25.140024
15588183,0,0,1,1,6,8,2024-05-15 22:34:25.140024
17116355,0,0,1,1,6,8,2024-05-15 22:34:25.140024
19769393,0,0,0,2,13,15,2024-05-15 22:34:25.140024
16274217,0,0,0,2,13,15,2024-05-15 22:34:25.140024
10288570,0,0,0,2,13,15,2024-05-15 22:34:25.140024
14637412,0,0,0,2,13,15,2024-05-15 22:34:25.140024
13722107,0,0,0,2,13,15,2024-05-15 22:34:25.140024
11341387,0,0,0,2,13,15,2024-05-15 22:34:25.140024
9990807,0,0,0,2,13,15,2024-05-15 22:34:25.140024
9112870,0,0,0,2,13,15,2024-05-15 22:34:25.140024
8111357,0,0,0,2,13,15,2024-05-15 22:34:25.140024
4343259,0,0,0,2,13,15,2024-05-15 22:34:25.140024
6747947,0,0,0,2,13,15,2024-05-15 22:34:25.140024
6593213,0,0,0,2,13,15,2024-05-15 22:34:25.140024
3974384,0,0,0,2,13,15,2024-05-15 22:34:25.140024
5102231,0,0,0,2,13,15,2024-05-15 22:34:25.140024
5036131,0,0,0,2,13,15,2024-05-15 22:34:25.140024
19804162,0,0,0,0,2,2,2024-05-15 22:34:25.140024
19736761,0,0,0,0,2,2,2024-05-15 22:34:25.140024
3984829,0,0,0,1,6,7,2024-05-15 22:34:25.140024
9007994,0,0,0,1,6,7,2024-05-15 22:34:25.140024
8077510,0,0,0,1,6,7,2024-05-15 22:34:25.140024
8005572,0,0,0,1,6,7,2024-05-15 22:34:25.140024
6315612,0,0,0,1,6,7,2024-05-15 22:34:25.140024
5815481,0,0,0,1,6,7,2024-05-15 22:34:25.140024
5456539,0,0,0,1,6,7,2024-05-15 22:34:25.140024
9007984,0,0,0,0,7,7,2024-05-15 22:34:25.140024
8321954,0,0,0,0,7,7,2024-05-15 22:34:25.140024
8005577,0,0,0,0,7,7,2024-05-15 22:34:25.140024
6315661,0,0,0,0,7,7,2024-05-15 22:34:25.140024
5815480,0,0,0,0,7,7,2024-05-15 22:34:25.140024
3039823,0,0,0,0,7,7,2024-05-15 22:34:25.140024
3826801,0,0,0,0,7,7,2024-05-15 22:34:25.140024
19642553,0,0,0,0,1,1,2024-05-15 22:34:25.140024
4293419,0,0,1,0,0,1,2024-05-15 22:34:25.140024
10821273,0,0,0,0,2,2,2024-05-15 22:34:25.140024
5920315,0,0,0,0,2,2,2024-05-15 22:34:25.140024
18492520,0,0,0,0,5,5,2024-05-15 22:34:25.140024
10821269,0,0,0,0,5,5,2024-05-15 22:34:25.140024
8463821,0,0,0,0,5,5,2024-05-15 22:34:25.140024
5920345,0,0,0,0,5,5,2024-05-15 22:34:25.140024
5621812,0,0,0,0,5,5,2024-05-15 22:34:25.140024
8086054,0,0,0,0,4,4,2024-05-15 22:34:25.140024
4968598,0,0,0,0,4,4,2024-05-15 22:34:25.140024
3901577,0,0,0,0,4,4,2024-05-15 22:34:25.140024
9844144,0,0,0,0,4,4,2024-05-15 22:34:25.140024
7139372,0,0,0,0,1,1,2024-05-15 22:34:25.140024
18169264,1,0,2,4,35,42,2024-05-15 22:34:25.140024
19715864,1,0,2,4,35,42,2024-05-15 22:34:25.140024
19633939,1,0,2,4,35,42,2024-05-15 22:34:25.140024
13280917,1,0,2,4,35,42,2024-05-15 22:34:25.140024
18973682,1,0,2,4,35,42,2024-05-15 22:34:25.140024
14397199,1,0,2,4,35,42,2024-05-15 22:34:25.140024
9011201,1,0,2,4,35,42,2024-05-15 22:34:25.140024
17968980,1,0,2,4,35,42,2024-05-15 22:34:25.140024
17769690,1,0,2,4,35,42,2024-05-15 22:34:25.140024
16088334,1,0,2,4,35,42,2024-05-15 22:34:25.140024
13250661,1,0,2,4,35,42,2024-05-15 22:34:25.140024
14854526,1,0,2,4,35,42,2024-05-15 22:34:25.140024
16386836,1,0,2,4,35,42,2024-05-15 22:34:25.140024
15676646,1,0,2,4,35,42,2024-05-15 22:34:25.140024
15504530,1,0,2,4,35,42,2024-05-15 22:34:25.140024
13947139,1,0,2,4,35,42,2024-05-15 22:34:25.140024
14692001,1,0,2,4,35,42,2024-05-15 22:34:25.140024
13703132,1,0,2,4,35,42,2024-05-15 22:34:25.140024
11085412,1,0,2,4,35,42,2024-05-15 22:34:25.140024
12724776,1,0,2,4,35,42,2024-05-15 22:34:25.140024
12316016,1,0,2,4,35,42,2024-05-15 22:34:25.140024
11287675,1,0,2,4,35,42,2024-05-15 22:34:25.140024
11262534,1,0,2,4,35,42,2024-05-15 22:34:25.140024
10885836,1,0,2,4,35,42,2024-05-15 22:34:25.140024
10852752,1,0,2,4,35,42,2024-05-15 22:34:25.140024
10840209,1,0,2,4,35,42,2024-05-15 22:34:25.140024
10764891,1,0,2,4,35,42,2024-05-15 22:34:25.140024
10351254,1,0,2,4,35,42,2024-05-15 22:34:25.140024
10246987,1,0,2,4,35,42,2024-05-15 22:34:25.140024
8121962,1,0,2,4,35,42,2024-05-15 22:34:25.140024
8096821,1,0,2,4,35,42,2024-05-15 22:34:25.140024
8030863,1,0,2,4,35,42,2024-05-15 22:34:25.140024
8030874,1,0,2,4,35,42,2024-05-15 22:34:25.140024
7996922,1,0,2,4,35,42,2024-05-15 22:34:25.140024
7802676,1,0,2,4,35,42,2024-05-15 22:34:25.140024
7647691,1,0,2,4,35,42,2024-05-15 22:34:25.140024
7424455,1,0,2,4,35,42,2024-05-15 22:34:25.140024
7134693,1,0,2,4,35,42,2024-05-15 22:34:25.140024
7017485,1,0,2,4,35,42,2024-05-15 22:34:25.140024
6640024,1,0,2,4,35,42,2024-05-15 22:34:25.140024
6020368,1,0,2,4,35,42,2024-05-15 22:34:25.140024
4569521,1,0,2,4,35,42,2024-05-15 22:34:25.140024
8754577,0,0,0,0,5,5,2024-05-15 22:34:25.140024
10561679,0,0,0,0,5,5,2024-05-15 22:34:25.140024
8538954,0,0,0,0,5,5,2024-05-15 22:34:25.140024
6591667,0,0,0,0,5,5,2024-05-15 22:34:25.140024
5891780,0,0,0,0,5,5,2024-05-15 22:34:25.140024
14614823,0,0,0,0,1,1,2024-05-15 22:34:25.140024
19279961,1,0,1,6,19,27,2024-05-15 22:34:25.140024
18242099,1,0,1,6,19,27,2024-05-15 22:34:25.140024
19632246,1,0,1,6,19,27,2024-05-15 22:34:25.140024
5004506,1,0,1,6,19,27,2024-05-15 22:34:25.140024
19742107,1,0,1,6,19,27,2024-05-15 22:34:25.140024
19397334,1,0,1,6,19,27,2024-05-15 22:34:25.140024
18564574,1,0,1,6,19,27,2024-05-15 22:34:25.140024
15486760,1,0,1,6,19,27,2024-05-15 22:34:25.140024
19231930,1,0,1,6,19,27,2024-05-15 22:34:25.140024
19470581,1,0,1,6,19,27,2024-05-15 22:34:25.140024
19399190,1,0,1,6,19,27,2024-05-15 22:34:25.140024
19172875,1,0,1,6,19,27,2024-05-15 22:34:25.140024
15585404,1,0,1,6,19,27,2024-05-15 22:34:25.140024
18842814,1,0,1,6,19,27,2024-05-15 22:34:25.140024
18385522,1,0,1,6,19,27,2024-05-15 22:34:25.140024
17316489,1,0,1,6,19,27,2024-05-15 22:34:25.140024
4925824,1,0,1,6,19,27,2024-05-15 22:34:25.140024
15272288,1,0,1,6,19,27,2024-05-15 22:34:25.140024
6187511,1,0,1,6,19,27,2024-05-15 22:34:25.140024
6180879,1,0,1,6,19,27,2024-05-15 22:34:25.140024
2529129,1,0,1,6,19,27,2024-05-15 22:34:25.140024
6067390,1,0,1,6,19,27,2024-05-15 22:34:25.140024
5950707,1,0,1,6,19,27,2024-05-15 22:34:25.140024
5214084,1,0,1,6,19,27,2024-05-15 22:34:25.140024
5099659,1,0,1,6,19,27,2024-05-15 22:34:25.140024
4888058,1,0,1,6,19,27,2024-05-15 22:34:25.140024
4475444,1,0,1,6,19,27,2024-05-15 22:34:25.140024
16958950,0,0,0,0,1,1,2024-05-15 22:34:25.140024
14072552,0,0,1,5,25,31,2024-05-15 22:34:25.140024
9180947,0,0,1,5,25,31,2024-05-15 22:34:25.140024
16700701,0,0,1,5,25,31,2024-05-15 22:34:25.140024
19334276,0,0,1,5,25,31,2024-05-15 22:34:25.140024
19250607,0,0,1,5,25,31,2024-05-15 22:34:25.140024
18747860,0,0,1,5,25,31,2024-05-15 22:34:25.140024
16197794,0,0,1,5,25,31,2024-05-15 22:34:25.140024
16409613,0,0,1,5,25,31,2024-05-15 22:34:25.140024
18077996,0,0,1,5,25,31,2024-05-15 22:34:25.140024
17694048,0,0,1,5,25,31,2024-05-15 22:34:25.140024
16588849,0,0,1,5,25,31,2024-05-15 22:34:25.140024
17038480,0,0,1,5,25,31,2024-05-15 22:34:25.140024
12667973,0,0,1,5,25,31,2024-05-15 22:34:25.140024
16576711,0,0,1,5,25,31,2024-05-15 22:34:25.140024
16535688,0,0,1,5,25,31,2024-05-15 22:34:25.140024
16023514,0,0,1,5,25,31,2024-05-15 22:34:25.140024
14291706,0,0,1,5,25,31,2024-05-15 22:34:25.140024
14963176,0,0,1,5,25,31,2024-05-15 22:34:25.140024
14568457,0,0,1,5,25,31,2024-05-15 22:34:25.140024
14365129,0,0,1,5,25,31,2024-05-15 22:34:25.140024
12824456,0,0,1,5,25,31,2024-05-15 22:34:25.140024
4920816,0,0,1,5,25,31,2024-05-15 22:34:25.140024
13304574,0,0,1,5,25,31,2024-05-15 22:34:25.140024
12882106,0,0,1,5,25,31,2024-05-15 22:34:25.140024
11727064,0,0,1,5,25,31,2024-05-15 22:34:25.140024
10552666,0,0,1,5,25,31,2024-05-15 22:34:25.140024
9835249,0,0,1,5,25,31,2024-05-15 22:34:25.140024
9811648,0,0,1,5,25,31,2024-05-15 22:34:25.140024
8682626,0,0,1,5,25,31,2024-05-15 22:34:25.140024
7011677,0,0,1,5,25,31,2024-05-15 22:34:25.140024
4879527,0,0,1,5,25,31,2024-05-15 22:34:25.140024
17202540,0,0,0,0,2,2,2024-05-15 22:34:25.140024
15953038,0,0,0,0,2,2,2024-05-15 22:34:25.140024
19598916,1,0,1,7,37,46,2024-05-15 22:34:25.140024
19828563,1,0,1,7,37,46,2024-05-15 22:34:25.140024
16605722,1,0,1,7,37,46,2024-05-15 22:34:25.140024
19819646,1,0,1,7,37,46,2024-05-15 22:34:25.140024
19705304,1,0,1,7,37,46,2024-05-15 22:34:25.140024
16390017,1,0,1,7,37,46,2024-05-15 22:34:25.140024
17843436,1,0,1,7,37,46,2024-05-15 22:34:25.140024
17806205,1,0,1,7,37,46,2024-05-15 22:34:25.140024
17111062,1,0,1,7,37,46,2024-05-15 22:34:25.140024
17624793,1,0,1,7,37,46,2024-05-15 22:34:25.140024
11278105,1,0,1,7,37,46,2024-05-15 22:34:25.140024
14611004,1,0,1,7,37,46,2024-05-15 22:34:25.140024
14790047,1,0,1,7,37,46,2024-05-15 22:34:25.140024
12217834,1,0,1,7,37,46,2024-05-15 22:34:25.140024
14302753,1,0,1,7,37,46,2024-05-15 22:34:25.140024
13838258,1,0,1,7,37,46,2024-05-15 22:34:25.140024
13225780,1,0,1,7,37,46,2024-05-15 22:34:25.140024
12811564,1,0,1,7,37,46,2024-05-15 22:34:25.140024
10711294,1,0,1,7,37,46,2024-05-15 22:34:25.140024
10458160,1,0,1,7,37,46,2024-05-15 22:34:25.140024
4190940,1,0,1,7,37,46,2024-05-15 22:34:25.140024
12147800,1,0,1,7,37,46,2024-05-15 22:34:25.140024
9095986,1,0,1,7,37,46,2024-05-15 22:34:25.140024
9044685,1,0,1,7,37,46,2024-05-15 22:34:25.140024
11138304,1,0,1,7,37,46,2024-05-15 22:34:25.140024
10941140,1,0,1,7,37,46,2024-05-15 22:34:25.140024
10776695,1,0,1,7,37,46,2024-05-15 22:34:25.140024
10618249,1,0,1,7,37,46,2024-05-15 22:34:25.140024
9227843,1,0,1,7,37,46,2024-05-15 22:34:25.140024
9182048,1,0,1,7,37,46,2024-05-15 22:34:25.140024
6508259,1,0,1,7,37,46,2024-05-15 22:34:25.140024
3862243,1,0,1,7,37,46,2024-05-15 22:34:25.140024
8350294,1,0,1,7,37,46,2024-05-15 22:34:25.140024
5544710,1,0,1,7,37,46,2024-05-15 22:34:25.140024
3117844,1,0,1,7,37,46,2024-05-15 22:34:25.140024
6485373,1,0,1,7,37,46,2024-05-15 22:34:25.140024
6190597,1,0,1,7,37,46,2024-05-15 22:34:25.140024
6036936,1,0,1,7,37,46,2024-05-15 22:34:25.140024
5778169,1,0,1,7,37,46,2024-05-15 22:34:25.140024
5478878,1,0,1,7,37,46,2024-05-15 22:34:25.140024
2657137,1,0,1,7,37,46,2024-05-15 22:34:25.140024
3693366,1,0,1,7,37,46,2024-05-15 22:34:25.140024
4389777,1,0,1,7,37,46,2024-05-15 22:34:25.140024
3286073,1,0,1,7,37,46,2024-05-15 22:34:25.140024
3826296,1,0,1,7,37,46,2024-05-15 22:34:25.140024
3763305,1,0,1,7,37,46,2024-05-15 22:34:25.140024
19733404,0,0,0,0,1,1,2024-05-15 22:34:25.140024
19285041,0,0,0,0,1,1,2024-05-15 22:34:25.140024
19698574,0,0,0,0,1,1,2024-05-15 22:34:25.140024
